{
    "base_synergies": [
        "raw",
        "fire",
        "ice",
        "lightning",
        "kinetic",
        "vortex",
        "poison",
        "explosion",
        "pierce",
        "vampiric"
    ],
    "combinations": [
        {
            "inputs": [
                "fire",
                "ice"
            ],
            "result": "steam",
            "effects": {
                "damage_multiplier": 0.8,
                "area_of_effect": 1.5,
                "status_effect": "blind"
            }
        },
        {
            "inputs": [
                "fire",
                "lightning"
            ],
            "result": "plasma",
            "effects": {
                "damage_multiplier": 2.0,
                "armor_penetration": 0.5,
                "status_effect": "burn"
            }
        },
        {
            "inputs": [
                "ice",
                "lightning"
            ],
            "result": "superconductor",
            "effects": {
                "damage_multiplier": 1.2,
                "chain_count": 3,
                "status_effect": "freeze"
            }
        },
        {
            "inputs": [
                "kinetic",
                "fire"
            ],
            "result": "explosive_round",
            "effects": {
                "damage_multiplier": 1.5,
                "area_of_effect": 1.0,
                "status_effect": "stagger"
            }
        },
        {
            "inputs": [
                "kinetic",
                "ice"
            ],
            "result": "shatter_shot",
            "effects": {
                "damage_multiplier": 1.3,
                "crit_chance": 0.2,
                "status_effect": "brittle"
            }
        },
        {
            "inputs": [
                "poison",
                "vortex"
            ],
            "result": "plague_cloud",
            "effects": {
                "damage_multiplier": 0.5,
                "duration": 5.0,
                "area_of_effect": 2.0,
                "status_effect": "decay"
            }
        }
    ]
}