{
    "behaviors": [
        {
            "id": "boss_summon_grunts",
            "enemy_class": "boss",
            "action_type": "summon_allies",
            "parameters": {
                "ally_type": "grunt",
                "count": 2,
                "cooldown": 20.0,
                "spawn_radius": 200
            },
            "success_weight": 1.0
        },
        {
            "id": "boss_teleport_strike",
            "enemy_class": "boss",
            "action_type": "teleport_attack",
            "parameters": {
                "teleport_range": 300,
                "damage": 30,
                "stun_duration": 1.0,
                "cooldown": 8.0
            },
            "success_weight": 1.2
        },
        {
            "id": "boss_aoe_blast",
            "enemy_class": "boss",
            "action_type": "area_attack",
            "parameters": {
                "radius": 200,
                "damage": 20,
                "knockback": 100,
                "cooldown": 12.0
            },
            "success_weight": 1.1
        },
        {
            "id": "boss_shield_phase",
            "enemy_class": "boss",
            "action_type": "defensive_stance",
            "parameters": {
                "damage_reduction": 0.75,
                "duration": 5.0,
                "retaliation_damage": 5,
                "cooldown": 15.0
            },
            "success_weight": 0.9
        },
        {
            "id": "boss_rage_mode",
            "enemy_class": "boss",
            "action_type": "enrage",
            "parameters": {
                "damage_boost": 1.5,
                "speed_boost": 1.3,
                "health_threshold": 0.5,
                "duration": 10.0
            },
            "success_weight": 1.3
        },
        {
            "id": "boss_cloak_snipe",
            "enemy_class": "boss",
            "action_type": "combo",
            "parameters": {
                "phases": [
                    "cloak",
                    "aim",
                    "shoot"
                ],
                "cloak_duration": 2.0,
                "damage": 35,
                "cooldown": 15.0
            },
            "success_weight": 1.4
        }
    ]
}