{
  "W-001": {
    "item_type": "weapon",
    "name": "Basic Blaster",
    "base_damage": 8.0,
    "base_range": 15.0,
    "energy_cost": 0.1,
    "energy_regen_modifier": 15.0,
    "quality": "Common",
    "synergies": ["kinetic", "burning"],
    "sprite_name": "blaster_icon.png"
  },
  "W-002": {
    "item_type": "weapon",
    "name": "Rusty Pipe",
    "base_damage": 7.0,
    "base_range": 1.0,
    "energy_cost": 0.0,
    "energy_regen_modifier": 1.0,
    "quality": "Common",
    "synergies": ["melee", "kinetic"],
    "sprite_name": "pipe_icon.png"
  },
  "W-003": {
    "item_type": "weapon",
    "name": "Heavy Laser",
    "base_damage": 12.0,
    "base_range": 6.0,
    "energy_cost": 3.0,
    "energy_regen_modifier": 0.9,
    "quality": "Rare",
    "synergies": ["energy", "burning"],
    "sprite_name": "heavy_laser_icon.png"
  },
   "W-004": {
    "item_type": "weapon",
    "name": "Sniper Rifle",
    "base_damage": 20.0,
    "base_range": 15.0,
    "energy_cost": 4.0,
    "energy_regen_modifier": 0.95,
    "quality": "Rare", 
    "synergies": ["kinetic", "piercing", "sniper"],
    "sprite_name": "sniper_rifle_icon.png"
  }
}